child,parent
DB01109,B01AB01
DB01109,C05BA03
DB01109,C05BA53
DB01109,B01AB51
DB01109,S01XA14
DB01108,H02CA01
DB01110,A01AB09
DB01110,D01AC02
DB01110,G01AF20
DB01110,A07AC01
DB01110,D01AC52
DB01110,J02AB01
DB01110,S02AA13
DB01110,G01AF04
DB01119,V03AH01
DB01119,G01AE10
DB01119,C02DA01
DB01118,C01BD01
DB15762,L04AC19
DB15768,Drug
DB15767,Drug
DB15766,L01FF10
DB15765,Drug
DB15769,Drug
DB01120,A10BB09
DB01125,Drug
DB01128,L02BB03
DB01128,L02AE51
DB15773,Drug
DB15772,Drug
DB01130,D07AC18
DB01133,M05BA05
DB01132,A10BD12
DB01132,A10BD09
DB01132,A10BD06
DB01132,A10BG03
DB01132,A10BD05
DB01138,M04AB02
DB01136,C07FX06
DB01136,C07AG02
DB03796,Drug
DB15771,Drug
DB15770,Drug
DB03754,B05XX02
DB03754,B05BB03
DB03756,Drug
DB02424,Drug
DB13167,M01AB06
DB14498,B05XA17
DB14499,Drug
DB01185,G03BA01
DB01183,V03AB15
DB01183,N02AA55
DB01183,N02AA53
DB01183,A06AH04
DB01183,N02AX51
DB01182,C01BC03
DB01189,N01AB07
DB01188,D01AE14
DB01188,G01AX12
DB01186,N04BC02
DB14490,B03AA10
DB14491,B03AD02
DB14491,B03AA02
DB13164,L01EB06
DB01196,L01XX11
DB01195,C01BC04
DB01197,C09AA01
DB01197,C09BA01
DB13170,A06AX07
DB13173,A16AB17
DB08604,D08AE04
DB08604,D09AA06
DB13123,Drug
DB13127,Drug
DB01142,D04AX01
DB01142,N06AA12
DB13133,B02BD10
DB13133,B02BD06
DB01158,C01BD02
DB13146,V09IX12
DB01162,G04CA03
DB01169,L01XX27
DB14487,A16AX05
DB14487,C05AX04
DB14488,B03AD05
DB14488,B03AA03
DB13155,Drug
DB13158,S01CA11
DB13158,D07AB01
DB13158,S01BA09
DB14489,B03AA06
DB01179,D06BB04
DB13152,B02BD04
DB13152,B02BD01
DB14481,Drug
DB13151,B02BD03
DB06011,Drug
DB08687,Drug
DB06021,Drug
DB06070,Drug
DB06077,N05AD10
DB06081,B01AX07
DB06080,Drug
DB06083,Drug
DB06082,Drug
DB06098,Drug
DB06042,Drug
DB06050,Drug
DB06061,Drug
DB14533,B05XA12
DB14533,C05AX04
DB14539,Drug
DB01222,R03AK12
DB01222,D07AC09
DB01222,R03AL11
DB01222,A07EA06
DB01222,R01AD05
DB01222,R03BA02
DB01222,R03AK07
DB01223,R03DA05
DB01223,R03DA20
DB01223,R03DB05
DB01223,R03DA55
DB01229,L01CD01
DB01228,C01BC08
DB14542,Drug
DB14543,D07AB11
DB14540,D07AB02
DB14540,D07BB04
DB14541,Drug
DB14544,Drug
DB14548,C05AX04
DB02568,Drug
DB01234,S02CA06
DB01234,R01AD53
DB01234,D07CB04
DB01234,R01AD03
DB01234,S02BA06
DB01234,S01BA01
DB01234,S03CA01
DB01234,S03BA01
DB01234,D07AB19
DB01234,S01CB01
DB01234,S01CA01
DB01234,D10AA03
DB01234,C05AA09
DB01234,H02AB02
DB01234,A01AC02
DB01234,D07XB05
DB01244,C08EA02
DB01241,C10AB04
DB01248,L01CD02
DB14568,L01XX62
DB01250,A07EC03
DB01254,L01EA02
DB01252,A10BX08
DB01259,L01EH01
DB02587,Drug
DB15822,L01EX23
DB14500,C03AB06
DB14500,C03BB04
DB14500,C03CB02
DB14500,C03AB04
DB14500,C03BB02
DB14500,C03AB09
DB14500,C03AB02
DB14500,C03CB01
DB14500,C03BB05
DB14500,C03AB05
DB14500,C03AB03
DB14500,C03BB07
DB14500,C03BB03
DB14500,C03AB01
DB14500,C03AB07
DB14500,C03AB08
DB14501,B03AA01
DB14507,Drug
DB14509,Drug
DB14512,R03BA07
DB14512,R01AD09
DB14512,R03AK09
DB14512,D07XC03
DB14512,D07AC13
DB14517,A02AB03
DB14518,Drug
DB01200,N04BC01
DB01200,G02CB01
DB14520,V03AE08
DB02546,L01XH01
DB01262,L01BC08
DB01261,A10BD24
DB01261,A10BD07
DB01261,A10BD12
DB01261,A10BH51
DB01261,A10BH01
DB01260,D07AB08
DB01260,D07BB02
DB01260,S01BA11
DB01269,L01FE02
DB01268,L01EX01
DB13257,Drug
DB01270,S01LA04
DB01277,H01AC03
DB01275,C02DB02
DB01275,C02LG02
DB14583,Drug
DB14580,Drug
DB14596,Drug
DB01283,M01AH06
DB01281,L04AA24
DB01289,A10BB11
DB01296,M01AX05
DB06116,Drug
DB06127,Drug
DB06133,Drug
DB06137,D06BX03
DB06144,N05AE03
DB06101,Drug
DB06103,Drug
DB06195,Drug
DB06194,Drug
DB06154,C01DA05
DB06154,C01DA55
DB06157,Drug
DB06151,R05CB01
DB06151,V03AB23
DB06151,S01XA08
DB06153,N02CX01
DB06152,G02CA02
DB06152,C04AA02
DB06176,L01XH02
DB03904,B05BC02
DB03904,D02AE51
DB03904,D02AE01
DB06186,L01FX04
DB06185,Drug
DB00011,L03AB06
DB00015,B01AD07
DB01346,Drug
DB01345,Drug
DB00013,B01AD04
DB00018,Drug
DB12001,L01EF03
DB14669,Drug
DB00022,L03AB10
DB00022,L03AB60
DB00020,L03AA09
DB01357,Drug
DB00025,B02BD02
DB00028,Drug
DB00029,B01AD03
DB12010,B02BX09
DB12015,L01EM03
DB13346,M02AA09
DB13346,M01AB17
DB12018,Drug
DB00033,Drug
DB00034,L03AB04
DB00031,B01AD11
DB01367,N04BD02
DB00036,B02BD08
DB00039,V03AF08
DB00041,L03AC01
DB01370,Drug
DB00045,Drug
DB00042,M03AX01
DB01378,Drug
DB01303,R03DA20
DB01303,R03DA02
DB01303,R03DB02
DB14631,Drug
DB01320,N03AB05
DB02659,A05AA03
DB01327,J01DB04
DB14649,Drug
DB00004,L01XX29
DB00005,L04AB01
DB00002,L01FE01
DB00008,L03AB11
DB00008,L03AB61
DB00009,S01XA13
DB00009,B01AD02
DB00091,L04AD01
DB00091,S01XA18
DB00092,L04AA15
DB00095,L04AA21
DB08813,B01AB06
DB08814,B01AC18
DB00098,L04AA04
DB08818,S01KA51
DB08818,D03AX05
DB08818,M09AX01
DB08818,S01KA01
DB08818,R01AX09
DB08834,Drug
DB08846,Drug
DB12034,Drug
DB00051,L04AB04
DB01380,Drug
DB00055,B01AD10
DB00056,L01FX02
DB00054,B01AC13
DB01394,M04AC01
DB00063,B01AC16
DB01393,C10AB02
DB00060,L03AB07
DB00061,L03AX04
DB01396,C01AA04
DB01395,G03AA12
DB01395,G03AC10
DB01395,G03AA18
DB01395,G03FA17
DB00065,L04AB02
DB00068,L03AB08
DB01399,N02BA06
DB00069,L03AB09
DB00074,L04AC02
DB00072,L01FD01
DB00072,L01XY02
DB00075,L04AA02
DB00083,M03AX01
DB08804,Drug
DB12062,Drug
DB08895,L04AA29
DB08896,L01EX05
DB06233,L01EG03
DB08899,L02BB04
DB06245,Drug
DB06241,Drug
DB06246,Drug
DB06249,Drug
DB06262,C01CA27
DB08855,Drug
DB08862,V04CK02
DB08860,C10AA08
DB06207,G04CA04
DB08868,L04AA27
DB06203,A10BD13
DB06203,A10BD09
DB06203,A10BH04
DB08867,G03AD02
DB08867,G03XB02
DB06202,G03XC03
DB08865,L01ED01
DB08871,L01XX41
DB06217,C01BG11
DB08877,L01EJ01
DB08875,L01EX07
DB08885,S01LA05
DB08885,L01XX44
DB08882,A10BD19
DB08882,A10BD27
DB08882,A10BD11
DB08882,A10BH05
DB06229,Drug
DB08888,S01XA22
DB06226,Drug
DB02709,Drug
DB02712,Drug
DB14700,Drug
DB14707,L01FF06
DB01401,Drug
DB01406,G03XA01
DB01404,Drug
DB01403,N05AA02
DB01407,R03CC13
DB01407,R03AC14
DB01407,R03CC63
DB14723,L01EX12
DB14724,L04AA39
DB01411,R03DC02
DB01410,R03BA08
DB01410,R01AD13
DB01419,Drug
DB01418,B01AA07
DB06273,L04AC07
DB06287,L01EG01
DB02701,A11HA01
DB12114,Drug
DB12116,Drug
DB14776,Drug
DB00132,Drug
DB00130,A16AA03
DB00131,Drug
DB00136,A11CC04
DB00136,D05AX03
DB00135,Drug
DB12121,Drug
DB14785,Drug
DB12129,Drug
DB00143,V03AB32
DB00144,Drug
DB00142,A09AB01
DB00145,B05CX03
DB00146,A11CC06
DB00146,H05BX05
DB01481,Drug
DB00154,Drug
DB00155,Drug
DB00153,A11CC01
DB00159,Drug
DB00156,Drug
DB00157,Drug
DB12147,L01EN01
DB00163,Drug
DB00169,A11CC05
DB00169,M05BB05
DB00169,M05BB03
DB00169,M05BB04
DB00169,M05BB07
DB00169,M05BB08
DB00169,M05BB09
DB00169,A11CC55
DB00169,M05BX53
DB12141,L01EX13
DB12140,Drug
DB14738,Drug
DB01420,Drug
DB01428,Drug
DB01427,C01CE01
DB01426,C01BA05
DB01430,R07AB07
DB00100,Drug
DB01435,S02DA03
DB01435,N02BB01
DB01435,N02BB51
DB01435,N02BB71
DB00108,L04AA23
DB00105,L03AB05
DB01436,A11CC03
DB01436,M05BB06
DB14751,H01AC05
DB00110,J06BD01
DB00111,L04AC01
DB02772,Drug
DB00114,A11HA06
DB07215,Drug
DB07232,L01XK05
DB00112,L01FG01
DB00112,S01LA08
DB00118,A16AA02
DB00119,Drug
DB14762,L04AC18
DB00121,A11HA05
DB00120,Drug
DB00125,B05XB01
DB00125,V03AF11
DB00126,A11GA01
DB00126,G01AD03
DB00126,S01XA15
DB00126,A11GB01
DB00123,B05XB03
DB00123,V03AF11
DB00129,A05BA06
DB00128,Drug
DB08931,C02KX05
DB12191,Drug
DB08954,C04AX28
DB06307,Drug
DB12159,D11AH05
DB00173,Drug
DB00170,B02BA02
DB00171,Drug
DB00174,Drug
DB00175,C10BX02
DB00175,C10BA11
DB00175,C10BA12
DB00175,C10AA03
DB00175,C10BA03
DB12169,D11AH07
DB00180,R03BA03
DB00180,R01AD04
DB00181,M03BX01
DB08904,L04AB05
DB08901,L01EA05
DB08908,L04AX07
DB08906,R03AK10
DB08906,R03BA09
DB08906,R01AD12
DB08906,R03AL08
DB00192,Drug
DB00198,J05AH02
DB08915,Drug
DB08912,L01EC02
DB00197,A10BG01
DB08910,L04AX06
DB08911,L01EE01
DB08916,L01EB03
DB05024,Drug
DB05025,N07XX17
DB05033,Drug
DB06366,L01FD02
DB06366,L01XY02
DB06360,Drug
DB06374,Drug
DB06371,Drug
DB06372,L04AC04
DB06318,Drug
DB06314,Drug
DB08995,C05CA03
DB08995,C05CA53
DB05001,Drug
DB06335,A10BD25
DB06335,A10BD21
DB06335,A10BH03
DB06335,A10BD10
DB05003,Drug
DB05014,Drug
DB05015,L01XH04
DB05017,Drug
DB13501,S01BC07
DB13501,M02AA11
DB01520,Drug
DB02857,Drug
DB14840,L01EX19
DB14845,L04AA45
DB00203,G01AE10
DB00203,G04BE03
DB00201,R03DA20
DB00201,N06BC01
DB00201,V04CG30
DB00201,D11AX26
DB00206,C02AA02
DB00206,C02LA71
DB00206,C02LA01
DB00206,C02AA52
DB00206,C02LA51
DB00204,C01BD04
DB05075,Drug
DB05088,Drug
DB05099,B01AD09
DB05095,Drug
DB05096,Drug
DB05097,Drug
DB14892,Drug
DB12235,G03AA18
DB00253,S01BA08
DB00252,N03AB02
DB00252,N03AB52
DB00255,G03CC05
DB00255,L02AA04
DB00255,G03CB02
DB00255,L02AA01
DB01592,A11AA01
DB01592,B03AE04
DB01592,B03AE03
DB01592,B03AE01
DB01592,B03AE02
DB01590,L04AA18
DB01590,L01EG02
DB01593,C05AX04
DB00269,G03CA06
DB00266,B01AA01
DB12255,B03XA08
DB00276,L01XX01
DB00279,H03AA02
DB00279,H03AA03
DB00277,R03DA74
DB00277,R03DA20
DB00277,R03DA04
DB00277,R03DB04
DB00277,R03DA54
DB12267,L01ED04
DB00282,M05BA03
DB00280,C01BA03
DB00281,S02DA01
DB00281,N01BB52
DB00281,C01BB01
DB00281,S01HA07
DB00281,C05AD01
DB00281,R02AD02
DB00281,N01BB02
DB00281,D04AB01
DB00286,G03CC07
DB00286,G03CA57
DB00288,D07AC11
DB00210,D10AD03
DB00210,D10AD53
DB00211,C01CA17
DB12200,Drug
DB12202,Drug
DB14864,S01LA06
DB00223,D07AC10
DB00227,C10BA01
DB00227,C10AA02
DB00233,J04AA02
DB00233,J04AA01
DB00233,J04AA03
DB12228,Drug
DB00242,L01BB04
DB00242,L04AA40
DB00243,C01EB18
DB00240,D07AB10
DB00240,S01BA10
DB00244,A07EC02
DB00248,N04BC06
DB00248,G02CB03
DB06404,B06AC01
DB06401,G03CC07
DB06401,G03XC02
DB06408,Drug
DB06410,H05BX03
DB06412,A14AA05
DB06423,Drug
DB12274,N06DX03
DB00298,S01EX02
DB07715,Drug
DB06472,Drug
DB05141,Drug
DB05146,Drug
DB05147,Drug
DB05149,Drug
DB06486,Drug
DB05150,Drug
DB05157,Drug
DB06495,Drug
DB05165,Drug
DB06497,Drug
DB06492,Drug
DB05169,Drug
DB02901,G03BB02
DB02901,A14AA01
DB05101,Drug
DB05103,Drug
DB06433,Drug
DB06436,Drug
DB05110,Drug
DB05111,Drug
DB06444,Drug
DB06447,Drug
DB05121,Drug
DB05134,Drug
DB06468,Drug
DB01628,M01AH05
DB13615,L03AX15
DB01632,Drug
DB00304,G03AA09
DB00304,G03AC09
DB00304,G03FB10
DB00304,G03AB05
DB00307,L01XF03
DB00313,N03AG01
DB00316,N02AJ01
DB00316,N02AJ13
DB00316,N02AJ17
DB00316,N02BE51
DB00316,N02BE71
DB00316,N02BE01
DB00316,N02AJ06
DB00317,L01EB01
DB01645,Drug
DB12307,Drug
DB14967,Drug
DB00323,N04BX01
DB00324,S01CA07
DB00324,D07AB06
DB00324,D07XB04
DB00324,S01BB03
DB00324,C05AA06
DB00324,D10AA01
DB00324,S01BA07
DB00324,D07CB03
DB00324,S01CB05
DB00321,N06AA09
DB00321,N06CA01
DB00328,M01AB01
DB00328,S01CC02
DB00328,C01EB03
DB00328,S01BC01
DB00328,M02AA23
DB00328,M01AB51
DB05187,Drug
DB05183,Drug
DB05184,Drug
DB05190,Drug
DB05198,Drug
DB05194,Drug
DB14904,Drug
DB14917,Drug
DB01600,M01AE11
DB01608,N05AC01
DB14922,L01FF09
DB01611,P01BA02
DB00379,C01BB02
DB00388,S01GA55
DB00388,R01BA53
DB00388,S01GA05
DB00388,R01AA04
DB00388,R01AB01
DB00388,S01FB51
DB00388,S01FB01
DB00388,C01CA06
DB00388,R01BA03
DB12379,Drug
DB00393,C08CA06
DB00390,C01AA05
DB00396,G03DA04
DB00396,G03FA04
DB00394,D07CC04
DB00394,R03AK13
DB00394,A07EA07
DB00394,R01AD01
DB00394,R03BA01
DB00394,D07AC15
DB00394,R03AK08
DB00394,R03AL09
DB00398,L01EX02
DB14975,B06AX03
DB14973,D11AH08
DB12317,Drug
DB00331,A10BD25
DB00331,A10BD17
DB00331,A10BD27
DB00331,A10BD23
DB00331,A10BA02
DB00331,A10BD07
DB00331,A10BD13
DB00331,A10BD11
DB00331,A10BD14
DB00331,A10BD16
DB00331,A10BD26
DB00331,A10BD20
DB00331,A10BD22
DB00331,A10BD02
DB00331,A10BD18
DB00331,A10BD08
DB00331,A10BD03
DB00331,A10BD10
DB00331,A10BD15
DB00331,A10BD05
DB00338,A02BD16
DB00338,A02BC01
DB00338,A02BD01
DB00338,A02BD05
DB00337,D11AH02
DB14989,Drug
DB12328,Drug
DB00346,G04CA51
DB00346,G04CA01
DB12332,L01XK03
DB12334,Drug
DB14996,L04AA55
DB14999,Drug
DB00351,G03FA08
DB00351,L02AB01
DB00351,G03DB02
DB00351,G03AB01
DB00351,G03AA04
DB00351,G03FB04
DB00351,G03AC05
DB12340,Drug
DB00360,A16AX07
DB00364,A02BX02
DB00361,L01CA04
DB00367,G03AA07
DB00367,G03AC03
DB00367,G03FB09
DB00367,G03AD01
DB00367,G03AB03
DB00367,G03FA11
DB00368,C01CA03
DB06510,Drug
DB06518,Drug
DB06521,Drug
DB06536,Drug
DB05207,Drug
DB06533,Drug
DB05202,Drug
DB05203,Drug
DB05204,Drug
DB05210,Drug
DB05217,Drug
DB05218,Drug
DB05212,Drug
DB06543,Drug
DB11064,Drug
DB11075,S01KA02
DB11077,Drug
DB11079,Drug
DB11071,G04BX12
DB11094,Drug
DB11093,A12AA13
DB11093,A11GB01
DB06595,L01EX10
DB05260,Drug
DB06599,Drug
DB05268,Drug
DB05282,Drug
DB05284,Drug
DB05289,Drug
DB05297,Drug
DB05299,Drug
DB05294,L01EX04
DB05295,Drug
DB05223,Drug
DB05233,Drug
DB06560,Drug
DB05239,L01EE02
DB05234,Drug
DB05241,Drug
DB05243,Drug
DB06584,Drug
DB05254,B06AA02
DB05254,B01AD05
DB05258,Drug
DB05259,L03AX13
DB06589,L01EX03
DB00412,A10BG02
DB00412,A10BD04
DB00412,A10BD03
DB00421,C03DA01
DB00431,P03AB02
DB00435,R07AX01
DB13751,A05BA08
DB00441,L01BC05
DB00443,S03CA06
DB00443,D07BC01
DB00443,D07AC01
DB00443,S01BB04
DB00443,D07CC01
DB00443,R03BA04
DB00443,H02AB01
DB00443,S01BA06
DB00443,D07XC01
DB00443,S01CA05
DB00443,C05AA05
DB00443,R01AD06
DB00443,S03BA03
DB00443,S02BA07
DB00443,S01CB04
DB00443,A07EA04
DB01708,G03EA03
DB01708,G03XX01
DB01708,A14AA07
DB12499,D10AX06
DB00493,J01DD01
DB00494,N04BX02
DB00499,L02BB01
DB00498,B01AA02
DB12483,L01EM02
DB00451,H03AA01
DB00452,R01AX08
DB00452,D09AA01
DB00452,S01AA07
DB00454,N02AB02
DB00454,N02AB52
DB00454,N02AB72
DB00454,N02AG03
DB00459,D05BB02
DB00457,C02CA01
DB00457,C02LE01
DB00458,N06AA02
DB12442,Drug
DB00461,M01AX01
DB00465,M01AB15
DB00465,S01FB51
DB00465,S01BC05
DB00469,M01AC02
DB11120,Drug
DB13783,M01AB11
DB12450,Drug
DB11124,Drug
DB00473,Drug
DB11133,Drug
DB00480,L04AX04
DB00481,G03XC01
DB00482,M01AH01
DB00482,G01AE10
DB00482,N02AJ16
DB00482,L01XX33
DB00482,C08CA51
DB05304,Drug
DB05305,Drug
DB06637,N07XX07
DB05301,Drug
DB05303,Drug
DB06641,Drug
DB06642,Drug
DB05319,L01FX16
DB06652,Drug
DB05327,Drug
DB06603,L01XH03
DB07933,Drug
DB06607,L01FX03
DB11193,Drug
DB06606,Drug
DB06616,L01EA04
DB07941,Drug
DB07943,Drug
DB06626,L01EK01
DB05387,Drug
DB05383,Drug
DB05391,Drug
DB06674,L04AB06
DB16007,Drug
DB06681,L04AA28
DB16019,V09IX14
DB06694,S01GA53
DB06694,R01AB06
DB06694,S01GA03
DB06694,R01AA07
DB05364,Drug
DB05374,Drug
DB00532,N03AB04
DB00532,N03AB54
DB00533,M01AH02
DB00530,L01EB02
DB00539,L02BA02
DB00540,N06AA10
DB00541,L01CA02
DB01873,Drug
DB00547,D07AC03
DB00547,D07XC02
DB11201,Drug
DB13867,R03BA05
DB13867,R03AK06
DB13867,R01AD08
DB13867,R01AD58
DB13867,D07AC17
DB13867,R03AK11
DB00554,M01AC01
DB00554,S01BC06
DB00554,M02AA07
DB13873,C10AB11
DB13877,Drug
DB12548,Drug
DB11219,Drug
DB04090,Drug
DB00500,M02AA21
DB00500,M01AB03
DB00502,N05AD01
DB00511,C01AA01
DB00515,L01XA01
DB00513,B02AA01
DB16099,A16AB22
DB12500,L01EJ02
DB00523,L01XF02
DB00523,D11AH04
DB00527,S02DA04
DB00527,D04AB02
DB00527,N01BB06
DB00527,S01HA06
DB00527,C05AD04
DB11263,Drug
DB12598,Drug
DB11294,Drug
DB00573,M01AE04
DB00570,L01CA01
DB00575,S01EA04
DB00575,C02LC51
DB00575,C02AC01
DB00575,C02LC01
DB00575,N02CX02
DB12565,Drug
DB00580,M01AH03
DB00588,Drug
DB00586,M01AB55
DB00586,M01AB05
DB00586,S01BC03
DB00586,M02AA15
DB00586,S01CC01
DB00586,D11AX18
DB00590,C02CA04
DB00591,D07AC04
DB00591,S01CA10
DB00591,S02CA05
DB00591,D07CC02
DB00591,S01BA15
DB00591,S02BA08
DB00591,C05AA10
DB00591,D07BC02
DB00594,C03DB01
DB00596,D05AX55
DB00596,D07AC21
DB12589,Drug
DB05420,Drug
DB06757,Drug
DB05428,Drug
DB05423,Drug
DB05424,Drug
DB05429,Drug
DB04106,L01AD05
DB05434,Drug
DB06773,H05BA03
DB06779,B01AB04
DB05448,Drug
DB06774,M02AB01
DB06774,N01BX04
DB04115,Drug
DB05446,Drug
DB06782,V03AB09
DB05451,Drug
DB06781,D07AC19
DB05459,L04AC09
DB06713,G03AA13
DB06710,G03BA02
DB06710,G03EA01
DB06710,G03EK01
DB06718,A14AA02
DB06725,M01AC05
DB05403,Drug
DB05404,Drug
DB06736,M02AA25
DB06736,M01AB16
DB05408,Drug
DB05416,Drug
DB05412,Drug
DB01933,Drug
DB00603,G03AA08
DB00603,G03FA12
DB00603,L02AB02
DB00603,G03AC06
DB00603,G03FB06
DB00603,G03DA02
DB00603,G03AA17
DB00605,M01AB02
DB05464,Drug
DB05469,Drug
DB05472,Drug
DB05475,Drug
DB05470,Drug
DB05471,Drug
DB05484,Drug
DB05481,Drug
DB05487,Drug
DB05495,Drug
DB05490,Drug
DB05492,Drug
DB11300,B02BD30
DB11300,B02BC06
DB13961,Drug
DB13967,V04CX09
DB12637,Drug
DB00655,G03CA07
DB00655,G03CC04
DB11311,Drug
DB11312,B01AD12
DB12645,Drug
DB01992,Drug
DB00661,C09BB10
DB00661,C08DA51
DB00661,C08DA01
DB00665,L02BB02
DB00663,S02CA02
DB00663,D07XB01
DB00663,D07CB05
DB00663,D07AB03
DB00663,D07BB01
DB00668,A01AD01
DB00668,C01CA24
DB00668,S01EA01
DB00668,R03AA01
DB00668,R01AA14
DB00668,B02BC09
DB00668,R03AK01
DB00668,S01EA51
DB12651,Drug
DB11323,Drug
DB11328,Drug
DB11327,Drug
DB00675,L02BA01
DB00677,Drug
DB12662,Drug
DB13996,Drug
DB13995,Drug
DB13998,Drug
DB11338,Drug
DB13999,Drug
DB00682,B01AA03
DB00680,C01BG01
DB00686,C05BA04
DB00686,G04BX15
DB00687,H02AA02
DB00687,S03CA05
DB00687,S02CA07
DB00687,S01CA06
DB09019,R05CB02
DB00688,Drug
DB00608,P01BA01
DB00608,P01BB52
DB13926,S01XA24
DB01942,Drug
DB00615,A02BD16
DB00615,J04AB04
DB00619,L01EA01
DB13930,Drug
DB13931,S01EE51
DB13931,S01EX05
DB13934,Drug
DB13933,Drug
DB00620,S02CA04
DB00620,R03BA06
DB00620,D07XB02
DB00620,R01AD11
DB00620,C05AA12
DB00620,D07CB01
DB00620,S01BA05
DB00620,D07BB03
DB00620,A01AC01
DB00620,D07AB09
DB00620,H02AB08
DB00621,A14AA08
DB01956,Drug
DB00624,G03EA02
DB00624,G03BA03
DB00622,C08CA04
DB00623,N05AB02
DB00626,J01XX10
DB00626,D06AX05
DB00626,R02AB04
DB13946,Drug
DB13943,Drug
DB13944,Drug
DB13949,Drug
DB00631,L01BB06
DB00630,M05BB06
DB00630,M05BA04
DB00630,M05BB05
DB00630,M05BB03
DB00635,A07EA03
DB00635,H02AB07
DB00636,C10AB01
DB13952,Drug
DB13953,Drug
DB13956,Drug
DB13954,Drug
DB13955,Drug
DB00641,C10BA02
DB00641,A10BH51
DB00641,C10BX04
DB00641,C10AA01
DB00641,C10BX01
DB00641,C10BA04
DB00648,L01XX23
DB09064,C10AB08
DB09061,N03AX24
DB09069,C01EB15
DB09074,L01XK01
DB09073,L01EF01
DB09070,G03CX01
DB09078,L01EX08
DB09079,L01EX09
DB06802,S01BC10
DB06809,L03AX16
DB09086,Drug
DB06819,A16AX03
DB09095,D07BC04
DB09095,D07XC04
DB09095,D07AC06
DB09092,C04AD02
DB09091,R01AD07
DB09091,R01AD57
DB09091,A07EA05
DB09020,A06AG02
DB09020,A06AB02
DB09020,A06AB52
DB11348,A12AA01
DB11348,A11GB01
DB00692,C04AB01
DB00692,V03AB36
DB00696,N02CA02
DB00696,N02CA52
DB00696,N02CA72
DB12688,L01FB02
DB11359,Drug
DB09036,L04AC11
DB09037,L01FF02
DB09035,L01FF01
DB12695,Drug
DB12698,J05AX23
DB09053,L01EL01
DB09054,L01EM01
DB04216,Drug
DB05552,Drug
DB05559,Drug
DB04223,Drug
DB04224,Drug
DB05578,L01FG02
DB05501,Drug
DB05507,Drug
DB05513,Drug
DB05524,Drug
DB05533,Drug
DB04209,R02AA02
DB04209,D08AH01
DB04209,G01AC05
DB00706,G01AE10
DB00706,G04CA52
DB00706,G04CA02
DB00706,G04CA54
DB00706,G04CA53
DB00707,L01XD01
DB00712,M01AE09
DB00712,M02AA19
DB00712,R02AX01
DB00712,S01BC04
DB00716,S01GX04
DB00716,R03BC03
DB00716,R01AC07
DB00717,H01CC54
DB00717,G03DC02
DB00717,G03AC01
DB00717,G03FB05
DB00717,G03AA05
DB00717,G03AB04
DB00717,G03FA01
DB00720,M05BA02
DB00723,C01CA10
DB00721,S01HA05
DB00721,N01BA52
DB00721,N01BA02
DB00721,C05AD05
DB04258,Drug
DB04272,A09AB04
DB16267,Drug
DB16265,Drug
DB12756,Drug
DB09103,L03AA12
DB00774,G01AE10
DB00774,C03AH02
DB00774,C03AA02
DB00774,C03AB02
DB09108,Drug
DB00775,B01AC17
DB09112,V03AB08
DB00786,Drug
DB00783,G03FA09
DB00783,G03FA13
DB00783,G03FB10
DB00783,G03EA01
DB00783,G03FA05
DB00783,G03FB06
DB00783,G03CA53
DB00783,G03FB11
DB00783,G03FB03
DB00783,G03FA01
DB00783,G03FA16
DB00783,G03AA14
DB00783,H01CC54
DB00783,G03FA12
DB00783,G03FB01
DB00783,G03FA04
DB00783,G03FB07
DB00783,G03FB02
DB00783,G03FA17
DB00783,G03HB01
DB00783,G03FA15
DB00783,G03EA03
DB00783,G03FA03
DB00783,G03CA03
DB00783,G03AB08
DB00783,G03FB08
DB00783,G03FA11
DB00783,G03FA08
DB00783,G03FA06
DB00783,G03FB05
DB00783,G03FA14
DB00783,G03EA02
DB00783,G03FB09
DB00783,G02BB01
DB00783,G03FB04
DB00783,G03FA10
DB00783,G03FA02
DB00783,G03FB12
DB00783,G03AA17
DB00783,G03FA07
DB09118,N03AX17
DB00784,M01AG01
DB00788,G02CC02
DB00788,M01AE52
DB00788,M02AA12
DB00788,M01AE02
DB00788,M01AE56
DB09122,L03AB13
DB09123,G03FA15
DB09123,G03AA16
DB09123,G03AB08
DB09123,G03DB08
DB00795,G01AE10
DB00795,A07EC01
DB09130,Drug
DB12715,Drug
DB12709,Drug
DB00731,A10BX03
DB00741,S03CA04
DB00741,D07AA02
DB00741,D07BA04
DB00741,R01AD60
DB00741,A01AC03
DB00741,S01BB01
DB00741,S01CA03
DB00741,S02CA03
DB00741,S02BA01
DB00741,C05AA01
DB00741,S01CB03
DB00741,A07EA02
DB00741,D07XA01
DB00741,H02AB09
DB00741,S01BA02
DB00741,D07CA01
DB00740,N07XX02
DB00746,V03AC01
DB00749,M01AB08
DB12731,Drug
DB00753,N01AB06
DB00750,N01BB54
DB00750,N01BB04
DB00756,D08AE01
DB00754,N03AB01
DB00755,L01XF01
DB00755,D10AD01
DB00755,D10AD51
DB12742,Drug
DB00769,Drug
DB09140,V03AN01
DB09148,V09AX06
DB09149,V09AX05
DB09151,V09AX04
DB16318,Drug
DB05662,Drug
DB05668,Drug
DB04335,S01XA10
DB04335,G01AX02
DB04335,D06BB05
DB03010,Drug
DB05679,L04AC05
DB05675,Drug
DB03017,Drug
DB05697,Drug
DB16309,Drug
DB04326,Drug
DB03088,A12CC08
DB16390,Drug
DB00811,J05AP01
DB00812,M01BA01
DB00812,M02AA01
DB00812,M01AA01
DB00814,M01AC06
DB00814,M01AC56
DB00814,N01BB59
DB00823,Drug
DB00821,Drug
DB12816,Drug
DB00834,G03XB01
DB00834,G03XB51
DB00838,D07AB21
DB15091,L04AA44
DB00841,C01CA07
DB00845,J04BA01
DB00843,N06DA02
DB00843,N06DA52
DB00843,N06DA53
DB00846,D07AC07
DB00846,D07CC03
DB03044,Drug
DB15035,L01EL03
DB15043,Drug
DB00800,C01CA19
DB12872,Drug
DB00890,G03CC02
DB00890,G03CB01
DB00896,S01BA13
DB00896,H02AB12
DB00893,Drug
DB09228,B06AC04
DB09237,C08CA17
DB09241,V04CG05
DB09241,V03AB17
DB11571,Drug
DB11572,Drug
DB00851,L01AX04
DB00852,R01BA52
DB00852,R01BA02
DB12843,Drug
DB12847,Drug
DB00860,S03BA02
DB00860,C05AA04
DB00860,S01CA02
DB00860,S01BA04
DB00860,A01AC54
DB00860,S01CB02
DB00860,D07AA03
DB00860,D07XA02
DB00860,S02CA01
DB00860,D07CA03
DB00860,D07BA01
DB00860,V03AB05
DB00860,H02AB06
DB00860,R01AD02
DB00860,S02BA03
DB00860,A07EA01
DB00860,R01AD52
DB00860,S01BB02
DB00860,S03CA02
DB00861,N02BA11
DB00864,D11AH01
DB00864,L04AD02
DB00868,R05DB01
DB00870,M01AE07
DB00877,S01XA23
DB00877,L04AA10
DB09214,M02AA27
DB09214,M01AE17
DB09214,N02AJ14
DB09212,M02AA31
DB09213,M01AE14
DB09216,M01AG02
DB00882,G03GB02
DB11581,L01XX52
DB11595,L01FF05
DB09270,C01EB09
DB09282,C01DX12
DB15102,L01EN02
DB05785,Drug
DB05787,Drug
DB16446,Drug
DB15119,L03AB15
DB04468,Drug
DB05798,Drug
DB03147,Drug
DB15133,L01EX21
DB05744,Drug
DB16407,Drug
DB05758,Drug
DB16411,Drug
DB16417,Drug
DB16418,Drug
DB05767,Drug
DB05773,L01FD03
DB00928,L01BC07
DB00936,D01AE12
DB00936,N02BA04
DB00936,S01BC08
DB00936,N02BA12
DB00935,S01GA04
DB00935,D11AX27
DB00935,R01AA05
DB00935,R01AB07
DB00939,M02AA18
DB00939,M01AG04
DB00947,L02BA03
DB00945,C10BX05
DB00945,A01AD05
DB00945,C07FX03
DB00945,B01AC56
DB00945,N02AJ07
DB00945,B01AC06
DB00945,C10BX08
DB00945,C10BX01
DB00945,C10BX02
DB00945,C10BX12
DB00945,C10BX06
DB00945,N02AJ02
DB00945,C07FX04
DB00945,C10BX04
DB00945,C07FX02
DB00945,N02AJ18
DB00945,N02BA71
DB00945,N02BA51
DB00945,M01BA03
DB00945,N02BA01
DB00946,B01AA04
DB00949,N03AX10
DB11601,Drug
DB11605,Drug
DB11607,Drug
DB11606,B02BD14
DB00959,D07AA01
DB00959,D10AA02
DB00959,H02AB04
DB00959,S01CA08
DB00959,H02BX01
DB00959,D07CA02
DB00957,G03FA13
DB00957,G03AB09
DB00957,G03AA11
DB12941,L02BB06
DB11611,S01XA25
DB00966,C09DB04
DB00966,C09DA07
DB00966,C09CA07
DB00963,S01BC11
DB15149,L01EN04
DB16474,Drug
DB00900,J05AF02
DB00903,C03CC01
DB00908,C01BA71
DB00908,C01BA01
DB00908,C01BA51
DB00909,G01AE10
DB00909,N03AX15
DB00910,H05BX02
DB00914,A10BA01
DB00914,A10BD01
DB00912,A10BX02
DB00912,A10BD14
DB03193,Drug
DB15170,Drug
DB00925,C04AX02
DB00924,M03BX08
DB11672,Drug
DB11682,B03XA07
DB11689,L01EE04
DB09369,L02AA02
DB09371,G03FA09
DB11693,L04AD03
DB11697,L01EJ03
DB09301,M01AX25
DB11626,L03AX11
DB11619,G03XA02
DB00973,C10BA02
DB00973,C10AX09
DB00973,C10BA10
DB00973,C10BA11
DB00973,C10BA05
DB00973,C10BA12
DB00973,C10BA06
DB00977,G03AA09
DB00977,G03AA13
DB00977,G03AA05
DB00977,G03AB06
DB00977,G03AA01
DB00977,G03AB03
DB00977,G03AA08
DB00977,G03AA06
DB00977,G03AA10
DB00977,G03AB09
DB00977,L02AA03
DB00977,G03AA02
DB00977,G03CA01
DB00977,G03AB04
DB00977,G03AA15
DB00977,G03AA07
DB00977,G03AA03
DB00977,G03AB05
DB00977,G03AA11
DB00977,G03AA12
DB00977,G03AA16
DB00977,G03AB01
DB00977,G03AA04
DB00977,G03AB07
DB00977,G03AB02
DB12961,Drug
DB12960,Drug
DB11632,N04BX04
DB12965,D08AL30
DB11633,J02AC05
DB11638,P01BF05
DB11638,P01BE05
DB11639,M05BC01
DB09317,Drug
DB09318,Drug
DB00984,Drug
DB00988,C01CA04
DB11641,L01CA05
DB11644,N07XX08
DB12978,L01EX15
DB00991,M01AE12
DB00995,M01CB03
DB09329,Drug
DB00993,L04AX01
DB00997,L01DB01
DB12980,Drug
DB11652,L01EH03
DB09336,Drug
DB09332,Drug
DB09330,L01EB04
DB08094,Drug
DB05831,Drug
DB05846,Drug
DB05848,Drug
DB04519,Drug
DB05854,Drug
DB05855,Drug
DB09389,G03AA06
DB09389,G03FB01
DB09389,G03FA10
DB08079,Drug
DB05801,Drug
DB05814,Drug
DB15227,Drug
DB04573,G03CA04
DB04573,G03CC06
DB04574,Drug
DB04575,Drug
DB15233,L01EX18
DB03255,R02AA19
DB03255,N01BX03
DB03255,C05BB05
DB03255,D08AE03
DB15248,J05AX28
DB16515,Drug
DB05869,Drug
DB04540,Drug
DB05879,Drug
DB05882,Drug
DB05889,L01FB01
DB05890,Drug
DB05895,Drug
DB11703,L01EL02
DB11714,L01FF03
DB11723,Drug
DB11718,L01EC03
DB11731,Drug
DB11730,L01EF02
DB11737,L01EB08
DB11791,L01EX17
DB11793,L01XK02
DB08142,Drug
DB08162,C04AX32
DB09422,Drug
DB11752,Drug
DB11755,Drug
DB11760,L01XK04
DB11764,Drug
DB11767,L04AC14
DB11771,Drug
DB11772,Drug
DB05943,Drug
DB05944,Drug
DB05941,Drug
DB05956,Drug
DB05959,Drug
DB05966,Drug
DB05961,Drug
DB04630,H02AA01
DB05968,Drug
DB05969,Drug
DB05971,Drug
DB05906,Drug
DB05913,Drug
DB05916,Drug
DB05931,Drug
DB05932,Drug
DB05938,Drug
DB15347,Drug
DB03366,Drug
DB14011,Drug
DB16690,A02BC09
DB16695,L01FX18
DB16694,L04AA54
DB14040,N02CD05
DB14041,N02CD03
DB14042,N02CD02
DB16630,Drug
DB15303,Drug
DB04657,Drug
DB05983,Drug
DB05984,Drug
DB05992,Drug
DB16640,Drug
DB16652,Drug
DB15327,Drug
DB16657,Drug
DB16656,Drug
DB16650,L04AA56
DB14004,L04AC17
DB16668,Drug
DB14009,Drug
DB11823,N06AX27
DB11823,N01AX14
DB11817,L04AA37
DB11830,Drug
DB11834,L04AC16
DB11828,L01EH02
DB09517,Drug
DB11841,L01XH05
DB11858,Drug
DB09535,Drug
DB14059,Drug
DB14050,Drug
DB11800,L01EK03
DB11811,Drug
DB09559,L01FE03
DB11886,L01EN03
DB09568,Drug
DB04743,M01AX17
DB04743,M02AA26
DB15406,Drug
DB04703,Drug
DB16703,L04AA48
DB16707,Drug
DB04725,Drug
DB03496,Drug
DB16756,Drug
DB15434,Drug
DB15442,V03AF12
DB16778,Drug
DB04796,Drug
DB11942,L01XX66
DB11945,L01FF04
DB11952,L01EM04
DB11962,Drug
DB11963,L01EB07
DB11967,L01EE03
DB11973,Drug
DB11976,L04AA51
DB11901,L02BB05
DB11914,Drug
DB11921,H02AB13
DB11937,Drug
DB08382,Drug
DB08398,Drug
DB07063,Drug
DB11986,L01EX14
DB11995,B02BX08
DB04855,C01BD07
DB04851,Drug
DB04863,Drug
DB04868,L01EA03
DB04869,Drug
DB04875,Drug
DB04876,A10BH02
DB04876,A10BD08
DB04879,Drug
DB16862,Drug
DB15534,Drug
DB04820,N06AF02
DB04824,A06AB04
DB04839,G03HA01
DB04839,G03HB01
DB04835,J05AX09
DB16820,Drug
DB04847,B03XA05
DB04849,L01EK02
DB15598,B03AB10
DB04891,Drug
DB04892,Drug
DB04895,S01LA03
DB15566,Drug
DB15569,L01XX73
DB15568,Drug
DB02266,M01AG03
DB07101,Drug
DB08439,M01AH04
DB04901,Drug
DB04919,Drug
DB04912,Drug
DB10770,Drug
DB10772,Drug
DB07138,Drug
DB08486,L01XD06
DB07159,Drug
DB15628,Drug
DB15627,L01FF07
DB04974,Drug
DB04977,L01XX57
DB04971,Drug
DB04973,Drug
DB04985,Drug
DB04988,Drug
DB04998,Drug
DB01005,L01XX05
DB01009,M01AE03
DB01009,M01AE53
DB01009,M02AA10
DB01013,Drug
DB02342,Drug
DB01017,D10AF07
DB01017,J01AA08
DB01017,A01AB23
DB01017,J01AA20
DB01014,A07EC04
DB04930,P03AC54
DB04930,P03AC04
DB04933,Drug
DB04938,G03XC05
DB03615,J01GB10
DB04956,L04AB03
DB04958,Drug
DB15617,Drug
DB02300,D05AX02
DB02300,D05AX52
DB13044,Drug
DB13048,Drug
DB01063,N05AB07
DB01064,R03AK02
DB01064,R03CB01
DB01064,R03CB51
DB01064,C01CA02
DB01064,R03AB02
DB01067,A10BB07
DB01065,N05CH01
DB01070,A11CC02
DB01073,L01BB05
DB01078,C01AA07
DB01076,C10BX03
DB01076,C10BX12
DB01076,C10BX06
DB01076,C10BX15
DB01076,C10AA05
DB01076,C10BA05
DB01076,C10BX18
DB01076,C10BX08
DB01076,C10BX11
DB01077,M05BA01
DB01077,M05BB01
DB01083,A08AB01
DB01088,B01AC11
DB01092,C01AC01
DB01097,L04AA13
DB01095,C10AA04
DB01098,C10BX05
DB01098,C10BX09
DB01098,C10BX13
DB01098,C10BX16
DB01098,C10BX10
DB01098,G01AE10
DB01098,C10BX14
DB01098,C10BA09
DB01098,C10AA07
DB01098,C10BA06
DB01098,A10BH52
DB01098,C10BX07
DB01098,C10BX17
DB01099,D01AE21
DB01099,J02AX01
DB13003,H02AB17
DB13009,Drug
DB01020,C01DA14
DB01024,L04AA06
DB01021,C03AB06
DB01021,G01AE10
DB01021,C03EA02
DB01021,C03AA06
DB01022,B02BA01
DB01026,H02CA03
DB01026,D01AC08
DB01026,G01AF11
DB01026,J02AB02
DB01026,G01AF20
DB01029,C09DB05
DB01029,C09DA04
DB01029,C09CA04
DB01029,C09DX07
DB01035,C01BA02
DB01033,L01BB02
DB01033,R03DA20
DB01039,C10AB05
DB01039,C10BA09
DB01039,C10BA12
DB01039,C10BA03
DB01039,C10BA04
DB15685,L01EX22
DB01047,D07CC05
DB01047,D07AC08
DB01047,C05AA11
DB01048,J05AR04
DB01048,J05AR02
DB01048,J05AF06
DB01048,J05AR13
DB01050,G02CC01
DB01050,N02AJ19
DB01050,M02AA13
DB01050,C01EB16
DB01050,N02AJ08
DB01050,M01AE51
DB01050,R02AX02
DB01050,M01AE01
DB01056,C01BB03
DB15690,Drug
DB15694,Drug
B01AB01,B01AB
B01AB,B01A
B01A,B01
B01,B
B,Drug
C05BA03,C05BA
C05BA,C05B
C05B,C05
C05,C
C,Drug
C05BA53,C05BA
B01AB51,B01AB
S01XA14,S01XA
S01XA,S01X
S01X,S01
S01,S
S,Drug
H02CA01,H02CA
H02CA,H02C
H02C,H02
H02,H
H,Drug
A01AB09,A01AB
A01AB,A01A
A01A,A01
A01,A
A,Drug
D01AC02,D01AC
D01AC,D01A
D01A,D01
D01,D
D,Drug
G01AF20,G01AF
G01AF,G01A
G01A,G01
G01,G
G,Drug
A07AC01,A07AC
A07AC,A07A
A07A,A07
A07,A
D01AC52,D01AC
J02AB01,J02AB
J02AB,J02A
J02A,J02
J02,J
J,Drug
S02AA13,S02AA
S02AA,S02A
S02A,S02
S02,S
G01AF04,G01AF
V03AH01,V03AH
V03AH,V03A
V03A,V03
V03,V
V,Drug
G01AE10,G01AE
G01AE,G01A
C02DA01,C02DA
C02DA,C02D
C02D,C02
C02,C
C01BD01,C01BD
C01BD,C01B
C01B,C01
C01,C
L04AC19,L04AC
L04AC,L04A
L04A,L04
L04,L
L,Drug
L01FF10,L01FF
L01FF,L01F
L01F,L01
L01,L
A10BB09,A10BB
A10BB,A10B
A10B,A10
A10,A
L02BB03,L02BB
L02BB,L02B
L02B,L02
L02,L
L02AE51,L02AE
L02AE,L02A
L02A,L02
D07AC18,D07AC
D07AC,D07A
D07A,D07
D07,D
M05BA05,M05BA
M05BA,M05B
M05B,M05
M05,M
M,Drug
A10BD12,A10BD
A10BD,A10B
A10BD09,A10BD
A10BD06,A10BD
A10BG03,A10BG
A10BG,A10B
A10BD05,A10BD
M04AB02,M04AB
M04AB,M04A
M04A,M04
M04,M
C07FX06,C07FX
C07FX,C07F
C07F,C07
C07,C
C07AG02,C07AG
C07AG,C07A
C07A,C07
B05XX02,B05XX
B05XX,B05X
B05X,B05
B05,B
B05BB03,B05BB
B05BB,B05B
B05B,B05
M01AB06,M01AB
M01AB,M01A
M01A,M01
M01,M
B05XA17,B05XA
B05XA,B05X
G03BA01,G03BA
G03BA,G03B
G03B,G03
G03,G
V03AB15,V03AB
V03AB,V03A
N02AA55,N02AA
N02AA,N02A
N02A,N02
N02,N
N,Drug
N02AA53,N02AA
A06AH04,A06AH
A06AH,A06A
A06A,A06
A06,A
N02AX51,N02AX
N02AX,N02A
C01BC03,C01BC
C01BC,C01B
N01AB07,N01AB
N01AB,N01A
N01A,N01
N01,N
D01AE14,D01AE
D01AE,D01A
G01AX12,G01AX
G01AX,G01A
N04BC02,N04BC
N04BC,N04B
N04B,N04
N04,N
B03AA10,B03AA
B03AA,B03A
B03A,B03
B03,B
B03AD02,B03AD
B03AD,B03A
B03AA02,B03AA
L01EB06,L01EB
L01EB,L01E
L01E,L01
L01XX11,L01XX
L01XX,L01X
L01X,L01
C01BC04,C01BC
C09AA01,C09AA
C09AA,C09A
C09A,C09
C09,C
C09BA01,C09BA
C09BA,C09B
C09B,C09
A06AX07,A06AX
A06AX,A06A
A16AB17,A16AB
A16AB,A16A
A16A,A16
A16,A
D08AE04,D08AE
D08AE,D08A
D08A,D08
D08,D
D09AA06,D09AA
D09AA,D09A
D09A,D09
D09,D
D04AX01,D04AX
D04AX,D04A
D04A,D04
D04,D
N06AA12,N06AA
N06AA,N06A
N06A,N06
N06,N
B02BD10,B02BD
B02BD,B02B
B02B,B02
B02,B
B02BD06,B02BD
C01BD02,C01BD
V09IX12,V09IX
V09IX,V09I
V09I,V09
V09,V
G04CA03,G04CA
G04CA,G04C
G04C,G04
G04,G
L01XX27,L01XX
A16AX05,A16AX
A16AX,A16A
C05AX04,C05AX
C05AX,C05A
C05A,C05
B03AD05,B03AD
B03AA03,B03AA
S01CA11,S01CA
S01CA,S01C
S01C,S01
D07AB01,D07AB
D07AB,D07A
S01BA09,S01BA
S01BA,S01B
S01B,S01
B03AA06,B03AA
D06BB04,D06BB
D06BB,D06B
D06B,D06
D06,D
B02BD04,B02BD
B02BD01,B02BD
B02BD03,B02BD
N05AD10,N05AD
N05AD,N05A
N05A,N05
N05,N
B01AX07,B01AX
B01AX,B01A
B05XA12,B05XA
R03AK12,R03AK
R03AK,R03A
R03A,R03
R03,R
R,Drug
D07AC09,D07AC
R03AL11,R03AL
R03AL,R03A
A07EA06,A07EA
A07EA,A07E
A07E,A07
R01AD05,R01AD
R01AD,R01A
R01A,R01
R01,R
R03BA02,R03BA
R03BA,R03B
R03B,R03
R03AK07,R03AK
R03DA05,R03DA
R03DA,R03D
R03D,R03
R03DA20,R03DA
R03DB05,R03DB
R03DB,R03D
R03DA55,R03DA
L01CD01,L01CD
L01CD,L01C
L01C,L01
C01BC08,C01BC
D07AB11,D07AB
D07AB02,D07AB
D07BB04,D07BB
D07BB,D07B
D07B,D07
S02CA06,S02CA
S02CA,S02C
S02C,S02
R01AD53,R01AD
D07CB04,D07CB
D07CB,D07C
D07C,D07
R01AD03,R01AD
S02BA06,S02BA
S02BA,S02B
S02B,S02
S01BA01,S01BA
S03CA01,S03CA
S03CA,S03C
S03C,S03
S03,S
S03BA01,S03BA
S03BA,S03B
S03B,S03
D07AB19,D07AB
S01CB01,S01CB
S01CB,S01C
S01CA01,S01CA
D10AA03,D10AA
D10AA,D10A
D10A,D10
D10,D
C05AA09,C05AA
C05AA,C05A
H02AB02,H02AB
H02AB,H02A
H02A,H02
A01AC02,A01AC
A01AC,A01A
D07XB05,D07XB
D07XB,D07X
D07X,D07
C08EA02,C08EA
C08EA,C08E
C08E,C08
C08,C
C10AB04,C10AB
C10AB,C10A
C10A,C10
C10,C
L01CD02,L01CD
L01XX62,L01XX
A07EC03,A07EC
A07EC,A07E
L01EA02,L01EA
L01EA,L01E
A10BX08,A10BX
A10BX,A10B
L01EH01,L01EH
L01EH,L01E
L01EX23,L01EX
L01EX,L01E
C03AB06,C03AB
C03AB,C03A
C03A,C03
C03,C
C03BB04,C03BB
C03BB,C03B
C03B,C03
C03CB02,C03CB
C03CB,C03C
C03C,C03
C03AB04,C03AB
C03BB02,C03BB
C03AB09,C03AB
C03AB02,C03AB
C03CB01,C03CB
C03BB05,C03BB
C03AB05,C03AB
C03AB03,C03AB
C03BB07,C03BB
C03BB03,C03BB
C03AB01,C03AB
C03AB07,C03AB
C03AB08,C03AB
B03AA01,B03AA
R03BA07,R03BA
R01AD09,R01AD
R03AK09,R03AK
D07XC03,D07XC
D07XC,D07X
D07AC13,D07AC
A02AB03,A02AB
A02AB,A02A
A02A,A02
A02,A
N04BC01,N04BC
G02CB01,G02CB
G02CB,G02C
G02C,G02
G02,G
V03AE08,V03AE
V03AE,V03A
L01XH01,L01XH
L01XH,L01X
L01BC08,L01BC
L01BC,L01B
L01B,L01
A10BD24,A10BD
A10BD07,A10BD
A10BH51,A10BH
A10BH,A10B
A10BH01,A10BH
D07AB08,D07AB
D07BB02,D07BB
S01BA11,S01BA
L01FE02,L01FE
L01FE,L01F
L01EX01,L01EX
S01LA04,S01LA
S01LA,S01L
S01L,S01
H01AC03,H01AC
H01AC,H01A
H01A,H01
H01,H
C02DB02,C02DB
C02DB,C02D
C02LG02,C02LG
C02LG,C02L
C02L,C02
M01AH06,M01AH
M01AH,M01A
L04AA24,L04AA
L04AA,L04A
A10BB11,A10BB
M01AX05,M01AX
M01AX,M01A
D06BX03,D06BX
D06BX,D06B
N05AE03,N05AE
N05AE,N05A
C01DA05,C01DA
C01DA,C01D
C01D,C01
C01DA55,C01DA
R05CB01,R05CB
R05CB,R05C
R05C,R05
R05,R
V03AB23,V03AB
S01XA08,S01XA
N02CX01,N02CX
N02CX,N02C
N02C,N02
G02CA02,G02CA
G02CA,G02C
C04AA02,C04AA
C04AA,C04A
C04A,C04
C04,C
L01XH02,L01XH
B05BC02,B05BC
B05BC,B05B
D02AE51,D02AE
D02AE,D02A
D02A,D02
D02,D
D02AE01,D02AE
L01FX04,L01FX
L01FX,L01F
L03AB06,L03AB
L03AB,L03A
L03A,L03
L03,L
B01AD07,B01AD
B01AD,B01A
B01AD04,B01AD
L01EF03,L01EF
L01EF,L01E
L03AB10,L03AB
L03AB60,L03AB
L03AA09,L03AA
L03AA,L03A
B02BD02,B02BD
B01AD03,B01AD
B02BX09,B02BX
B02BX,B02B
L01EM03,L01EM
L01EM,L01E
M02AA09,M02AA
M02AA,M02A
M02A,M02
M02,M
M01AB17,M01AB
L03AB04,L03AB
B01AD11,B01AD
N04BD02,N04BD
N04BD,N04B
B02BD08,B02BD
V03AF08,V03AF
V03AF,V03A
L03AC01,L03AC
L03AC,L03A
M03AX01,M03AX
M03AX,M03A
M03A,M03
M03,M
R03DA02,R03DA
R03DB02,R03DB
N03AB05,N03AB
N03AB,N03A
N03A,N03
N03,N
A05AA03,A05AA
A05AA,A05A
A05A,A05
A05,A
J01DB04,J01DB
J01DB,J01D
J01D,J01
J01,J
L01XX29,L01XX
L04AB01,L04AB
L04AB,L04A
L01FE01,L01FE
L03AB11,L03AB
L03AB61,L03AB
S01XA13,S01XA
B01AD02,B01AD
L04AD01,L04AD
L04AD,L04A
S01XA18,S01XA
L04AA15,L04AA
L04AA21,L04AA
B01AB06,B01AB
B01AC18,B01AC
B01AC,B01A
L04AA04,L04AA
S01KA51,S01KA
S01KA,S01K
S01K,S01
D03AX05,D03AX
D03AX,D03A
D03A,D03
D03,D
M09AX01,M09AX
M09AX,M09A
M09A,M09
M09,M
S01KA01,S01KA
R01AX09,R01AX
R01AX,R01A
L04AB04,L04AB
B01AD10,B01AD
L01FX02,L01FX
B01AC13,B01AC
M04AC01,M04AC
M04AC,M04A
B01AC16,B01AC
C10AB02,C10AB
L03AB07,L03AB
L03AX04,L03AX
L03AX,L03A
C01AA04,C01AA
C01AA,C01A
C01A,C01
G03AA12,G03AA
G03AA,G03A
G03A,G03
G03AC10,G03AC
G03AC,G03A
G03AA18,G03AA
G03FA17,G03FA
G03FA,G03F
G03F,G03
L04AB02,L04AB
L03AB08,L03AB
N02BA06,N02BA
N02BA,N02B
N02B,N02
L03AB09,L03AB
L04AC02,L04AC
L01FD01,L01FD
L01FD,L01F
L01XY02,L01XY
L01XY,L01X
L04AA02,L04AA
L04AA29,L04AA
L01EX05,L01EX
L01EG03,L01EG
L01EG,L01E
L02BB04,L02BB
C01CA27,C01CA
C01CA,C01C
C01C,C01
V04CK02,V04CK
V04CK,V04C
V04C,V04
V04,V
C10AA08,C10AA
C10AA,C10A
G04CA04,G04CA
L04AA27,L04AA
A10BD13,A10BD
A10BH04,A10BH
G03AD02,G03AD
G03AD,G03A
G03XB02,G03XB
G03XB,G03X
G03X,G03
G03XC03,G03XC
G03XC,G03X
L01ED01,L01ED
L01ED,L01E
L01XX41,L01XX
C01BG11,C01BG
C01BG,C01B
L01EJ01,L01EJ
L01EJ,L01E
L01EX07,L01EX
S01LA05,S01LA
L01XX44,L01XX
A10BD19,A10BD
A10BD27,A10BD
A10BD11,A10BD
A10BH05,A10BH
S01XA22,S01XA
L01FF06,L01FF
G03XA01,G03XA
G03XA,G03X
N05AA02,N05AA
N05AA,N05A
R03CC13,R03CC
R03CC,R03C
R03C,R03
R03AC14,R03AC
R03AC,R03A
R03CC63,R03CC
L01EX12,L01EX
L04AA39,L04AA
R03DC02,R03DC
R03DC,R03D
R03BA08,R03BA
R01AD13,R01AD
B01AA07,B01AA
B01AA,B01A
L04AC07,L04AC
L01EG01,L01EG
A11HA01,A11HA
A11HA,A11H
A11H,A11
A11,A
A16AA03,A16AA
A16AA,A16A
A11CC04,A11CC
A11CC,A11C
A11C,A11
D05AX03,D05AX
D05AX,D05A
D05A,D05
D05,D
V03AB32,V03AB
A09AB01,A09AB
A09AB,A09A
A09A,A09
A09,A
B05CX03,B05CX
B05CX,B05C
B05C,B05
A11CC06,A11CC
H05BX05,H05BX
H05BX,H05B
H05B,H05
H05,H
A11CC01,A11CC
L01EN01,L01EN
L01EN,L01E
A11CC05,A11CC
M05BB05,M05BB
M05BB,M05B
M05BB03,M05BB
M05BB04,M05BB
M05BB07,M05BB
M05BB08,M05BB
M05BB09,M05BB
A11CC55,A11CC
M05BX53,M05BX
M05BX,M05B
L01EX13,L01EX
C01CE01,C01CE
C01CE,C01C
C01BA05,C01BA
C01BA,C01B
R07AB07,R07AB
R07AB,R07A
R07A,R07
R07,R
S02DA03,S02DA
S02DA,S02D
S02D,S02
N02BB01,N02BB
N02BB,N02B
N02BB51,N02BB
N02BB71,N02BB
L04AA23,L04AA
L03AB05,L03AB
A11CC03,A11CC
M05BB06,M05BB
H01AC05,H01AC
J06BD01,J06BD
J06BD,J06B
J06B,J06
J06,J
L04AC01,L04AC
A11HA06,A11HA
L01XK05,L01XK
L01XK,L01X
L01FG01,L01FG
L01FG,L01F
S01LA08,S01LA
A16AA02,A16AA
L04AC18,L04AC
A11HA05,A11HA
B05XB01,B05XB
B05XB,B05X
V03AF11,V03AF
A11GA01,A11GA
A11GA,A11G
A11G,A11
G01AD03,G01AD
G01AD,G01A
S01XA15,S01XA
A11GB01,A11GB
A11GB,A11G
B05XB03,B05XB
A05BA06,A05BA
A05BA,A05B
A05B,A05
C02KX05,C02KX
C02KX,C02K
C02K,C02
C04AX28,C04AX
C04AX,C04A
D11AH05,D11AH
D11AH,D11A
D11A,D11
D11,D
B02BA02,B02BA
B02BA,B02B
C10BX02,C10BX
C10BX,C10B
C10B,C10
C10BA11,C10BA
C10BA,C10B
C10BA12,C10BA
C10AA03,C10AA
C10BA03,C10BA
D11AH07,D11AH
R03BA03,R03BA
R01AD04,R01AD
M03BX01,M03BX
M03BX,M03B
M03B,M03
L04AB05,L04AB
L01EA05,L01EA
L04AX07,L04AX
L04AX,L04A
R03AK10,R03AK
R03BA09,R03BA
R01AD12,R01AD
R03AL08,R03AL
J05AH02,J05AH
J05AH,J05A
J05A,J05
J05,J
L01EC02,L01EC
L01EC,L01E
A10BG01,A10BG
L04AX06,L04AX
L01EE01,L01EE
L01EE,L01E
L01EB03,L01EB
N07XX17,N07XX
N07XX,N07X
N07X,N07
N07,N
L01FD02,L01FD
L04AC04,L04AC
C05CA03,C05CA
C05CA,C05C
C05C,C05
C05CA53,C05CA
A10BD25,A10BD
A10BD21,A10BD
A10BH03,A10BH
A10BD10,A10BD
L01XH04,L01XH
S01BC07,S01BC
S01BC,S01B
M02AA11,M02AA
L01EX19,L01EX
L04AA45,L04AA
G04BE03,G04BE
G04BE,G04B
G04B,G04
N06BC01,N06BC
N06BC,N06B
N06B,N06
V04CG30,V04CG
V04CG,V04C
D11AX26,D11AX
D11AX,D11A
C02AA02,C02AA
C02AA,C02A
C02A,C02
C02LA71,C02LA
C02LA,C02L
C02LA01,C02LA
C02AA52,C02AA
C02LA51,C02LA
C01BD04,C01BD
B01AD09,B01AD
S01BA08,S01BA
N03AB02,N03AB
N03AB52,N03AB
G03CC05,G03CC
G03CC,G03C
G03C,G03
L02AA04,L02AA
L02AA,L02A
G03CB02,G03CB
G03CB,G03C
L02AA01,L02AA
A11AA01,A11AA
A11AA,A11A
A11A,A11
B03AE04,B03AE
B03AE,B03A
B03AE03,B03AE
B03AE01,B03AE
B03AE02,B03AE
L04AA18,L04AA
L01EG02,L01EG
G03CA06,G03CA
G03CA,G03C
B01AA01,B01AA
B03XA08,B03XA
B03XA,B03X
B03X,B03
L01XX01,L01XX
H03AA02,H03AA
H03AA,H03A
H03A,H03
H03,H
H03AA03,H03AA
R03DA74,R03DA
R03DA04,R03DA
R03DB04,R03DB
R03DA54,R03DA
L01ED04,L01ED
M05BA03,M05BA
C01BA03,C01BA
S02DA01,S02DA
N01BB52,N01BB
N01BB,N01B
N01B,N01
C01BB01,C01BB
C01BB,C01B
S01HA07,S01HA
S01HA,S01H
S01H,S01
C05AD01,C05AD
C05AD,C05A
R02AD02,R02AD
R02AD,R02A
R02A,R02
R02,R
N01BB02,N01BB
D04AB01,D04AB
D04AB,D04A
G03CC07,G03CC
G03CA57,G03CA
D07AC11,D07AC
D10AD03,D10AD
D10AD,D10A
D10AD53,D10AD
C01CA17,C01CA
S01LA06,S01LA
D07AC10,D07AC
C10BA01,C10BA
C10AA02,C10AA
J04AA02,J04AA
J04AA,J04A
J04A,J04
J04,J
J04AA01,J04AA
J04AA03,J04AA
L01BB04,L01BB
L01BB,L01B
L04AA40,L04AA
C01EB18,C01EB
C01EB,C01E
C01E,C01
D07AB10,D07AB
S01BA10,S01BA
A07EC02,A07EC
N04BC06,N04BC
G02CB03,G02CB
B06AC01,B06AC
B06AC,B06A
B06A,B06
B06,B
G03XC02,G03XC
H05BX03,H05BX
A14AA05,A14AA
A14AA,A14A
A14A,A14
A14,A
N06DX03,N06DX
N06DX,N06D
N06D,N06
S01EX02,S01EX
S01EX,S01E
S01E,S01
G03BB02,G03BB
G03BB,G03B
A14AA01,A14AA
M01AH05,M01AH
L03AX15,L03AX
G03AA09,G03AA
G03AC09,G03AC
G03FB10,G03FB
G03FB,G03F
G03AB05,G03AB
G03AB,G03A
L01XF03,L01XF
L01XF,L01X
N03AG01,N03AG
N03AG,N03A
N02AJ01,N02AJ
N02AJ,N02A
N02AJ13,N02AJ
N02AJ17,N02AJ
N02BE51,N02BE
N02BE,N02B
N02BE71,N02BE
N02BE01,N02BE
N02AJ06,N02AJ
L01EB01,L01EB
N04BX01,N04BX
N04BX,N04B
S01CA07,S01CA
D07AB06,D07AB
D07XB04,D07XB
S01BB03,S01BB
S01BB,S01B
C05AA06,C05AA
D10AA01,D10AA
S01BA07,S01BA
D07CB03,D07CB
S01CB05,S01CB
N06AA09,N06AA
N06CA01,N06CA
N06CA,N06C
N06C,N06
M01AB01,M01AB
S01CC02,S01CC
S01CC,S01C
C01EB03,C01EB
S01BC01,S01BC
M02AA23,M02AA
M01AB51,M01AB
M01AE11,M01AE
M01AE,M01A
N05AC01,N05AC
N05AC,N05A
L01FF09,L01FF
P01BA02,P01BA
P01BA,P01B
P01B,P01
P01,P
P,Drug
C01BB02,C01BB
S01GA55,S01GA
S01GA,S01G
S01G,S01
R01BA53,R01BA
R01BA,R01B
R01B,R01
S01GA05,S01GA
R01AA04,R01AA
R01AA,R01A
R01AB01,R01AB
R01AB,R01A
S01FB51,S01FB
S01FB,S01F
S01F,S01
S01FB01,S01FB
C01CA06,C01CA
R01BA03,R01BA
C08CA06,C08CA
C08CA,C08C
C08C,C08
C01AA05,C01AA
G03DA04,G03DA
G03DA,G03D
G03D,G03
G03FA04,G03FA
D07CC04,D07CC
D07CC,D07C
R03AK13,R03AK
A07EA07,A07EA
R01AD01,R01AD
R03BA01,R03BA
D07AC15,D07AC
R03AK08,R03AK
R03AL09,R03AL
L01EX02,L01EX
B06AX03,B06AX
B06AX,B06A
D11AH08,D11AH
A10BD17,A10BD
A10BD23,A10BD
A10BA02,A10BA
A10BA,A10B
A10BD14,A10BD
A10BD16,A10BD
A10BD26,A10BD
A10BD20,A10BD
A10BD22,A10BD
A10BD02,A10BD
A10BD18,A10BD
A10BD08,A10BD
A10BD03,A10BD
A10BD15,A10BD
A02BD16,A02BD
A02BD,A02B
A02B,A02
A02BC01,A02BC
A02BC,A02B
A02BD01,A02BD
A02BD05,A02BD
D11AH02,D11AH
G04CA51,G04CA
G04CA01,G04CA
L01XK03,L01XK
L04AA55,L04AA
G03FA08,G03FA
L02AB01,L02AB
L02AB,L02A
G03DB02,G03DB
G03DB,G03D
G03AB01,G03AB
G03AA04,G03AA
G03FB04,G03FB
G03AC05,G03AC
A16AX07,A16AX
A02BX02,A02BX
A02BX,A02B
L01CA04,L01CA
L01CA,L01C
G03AA07,G03AA
G03AC03,G03AC
G03FB09,G03FB
G03AD01,G03AD
G03AB03,G03AB
G03FA11,G03FA
C01CA03,C01CA
S01KA02,S01KA
G04BX12,G04BX
G04BX,G04B
A12AA13,A12AA
A12AA,A12A
A12A,A12
A12,A
L01EX10,L01EX
L01EX04,L01EX
L01EE02,L01EE
B06AA02,B06AA
B06AA,B06A
B01AD05,B01AD
L03AX13,L03AX
L01EX03,L01EX
A10BG02,A10BG
A10BD04,A10BD
C03DA01,C03DA
C03DA,C03D
C03D,C03
P03AB02,P03AB
P03AB,P03A
P03A,P03
P03,P
R07AX01,R07AX
R07AX,R07A
A05BA08,A05BA
L01BC05,L01BC
S03CA06,S03CA
D07BC01,D07BC
D07BC,D07B
D07AC01,D07AC
S01BB04,S01BB
D07CC01,D07CC
R03BA04,R03BA
H02AB01,H02AB
S01BA06,S01BA
D07XC01,D07XC
S01CA05,S01CA
C05AA05,C05AA
R01AD06,R01AD
S03BA03,S03BA
S02BA07,S02BA
S01CB04,S01CB
A07EA04,A07EA
G03EA03,G03EA
G03EA,G03E
G03E,G03
G03XX01,G03XX
G03XX,G03X
A14AA07,A14AA
D10AX06,D10AX
D10AX,D10A
J01DD01,J01DD
J01DD,J01D
N04BX02,N04BX
L02BB01,L02BB
B01AA02,B01AA
L01EM02,L01EM
H03AA01,H03AA
R01AX08,R01AX
D09AA01,D09AA
S01AA07,S01AA
S01AA,S01A
S01A,S01
N02AB02,N02AB
N02AB,N02A
N02AB52,N02AB
N02AB72,N02AB
N02AG03,N02AG
N02AG,N02A
D05BB02,D05BB
D05BB,D05B
D05B,D05
C02CA01,C02CA
C02CA,C02C
C02C,C02
C02LE01,C02LE
C02LE,C02L
N06AA02,N06AA
M01AX01,M01AX
M01AB15,M01AB
S01BC05,S01BC
M01AC02,M01AC
M01AC,M01A
M01AB11,M01AB
L04AX04,L04AX
G03XC01,G03XC
M01AH01,M01AH
N02AJ16,N02AJ
L01XX33,L01XX
C08CA51,C08CA
N07XX07,N07XX
L01FX16,L01FX
L01XH03,L01XH
L01FX03,L01FX
L01EA04,L01EA
L01EK01,L01EK
L01EK,L01E
L04AB06,L04AB
L04AA28,L04AA
V09IX14,V09IX
S01GA53,S01GA
R01AB06,R01AB
S01GA03,S01GA
R01AA07,R01AA
N03AB04,N03AB
N03AB54,N03AB
M01AH02,M01AH
L01EB02,L01EB
L02BA02,L02BA
L02BA,L02B
N06AA10,N06AA
L01CA02,L01CA
D07AC03,D07AC
D07XC02,D07XC
R03BA05,R03BA
R03AK06,R03AK
R01AD08,R01AD
R01AD58,R01AD
D07AC17,D07AC
R03AK11,R03AK
M01AC01,M01AC
S01BC06,S01BC
M02AA07,M02AA
C10AB11,C10AB
M02AA21,M02AA
M01AB03,M01AB
N05AD01,N05AD
C01AA01,C01AA
L01XA01,L01XA
L01XA,L01X
B02AA01,B02AA
B02AA,B02A
B02A,B02
A16AB22,A16AB
L01EJ02,L01EJ
L01XF02,L01XF
D11AH04,D11AH
S02DA04,S02DA
D04AB02,D04AB
N01BB06,N01BB
S01HA06,S01HA
C05AD04,C05AD
M01AE04,M01AE
L01CA01,L01CA
S01EA04,S01EA
S01EA,S01E
C02LC51,C02LC
C02LC,C02L
C02AC01,C02AC
C02AC,C02A
C02LC01,C02LC
N02CX02,N02CX
M01AH03,M01AH
M01AB55,M01AB
M01AB05,M01AB
S01BC03,S01BC
M02AA15,M02AA
S01CC01,S01CC
D11AX18,D11AX
C02CA04,C02CA
D07AC04,D07AC
S01CA10,S01CA
S02CA05,S02CA
D07CC02,D07CC
S01BA15,S01BA
S02BA08,S02BA
C05AA10,C05AA
D07BC02,D07BC
C03DB01,C03DB
C03DB,C03D
D05AX55,D05AX
D07AC21,D07AC
L01AD05,L01AD
L01AD,L01A
L01A,L01
H05BA03,H05BA
H05BA,H05B
B01AB04,B01AB
M02AB01,M02AB
M02AB,M02A
N01BX04,N01BX
N01BX,N01B
V03AB09,V03AB
D07AC19,D07AC
L04AC09,L04AC
G03AA13,G03AA
G03BA02,G03BA
G03EA01,G03EA
G03EK01,G03EK
G03EK,G03E
A14AA02,A14AA
M01AC05,M01AC
M02AA25,M02AA
M01AB16,M01AB
G03AA08,G03AA
G03FA12,G03FA
L02AB02,L02AB
G03AC06,G03AC
G03FB06,G03FB
G03DA02,G03DA
G03AA17,G03AA
M01AB02,M01AB
B02BD30,B02BD
B02BC06,B02BC
B02BC,B02B
V04CX09,V04CX
V04CX,V04C
G03CA07,G03CA
G03CC04,G03CC
B01AD12,B01AD
C09BB10,C09BB
C09BB,C09B
C08DA51,C08DA
C08DA,C08D
C08D,C08
C08DA01,C08DA
L02BB02,L02BB
S02CA02,S02CA
D07XB01,D07XB
D07CB05,D07CB
D07AB03,D07AB
D07BB01,D07BB
A01AD01,A01AD
A01AD,A01A
C01CA24,C01CA
S01EA01,S01EA
R03AA01,R03AA
R03AA,R03A
R01AA14,R01AA
B02BC09,B02BC
R03AK01,R03AK
S01EA51,S01EA
L02BA01,L02BA
B01AA03,B01AA
C01BG01,C01BG
C05BA04,C05BA
G04BX15,G04BX
H02AA02,H02AA
H02AA,H02A
S03CA05,S03CA
S02CA07,S02CA
S01CA06,S01CA
R05CB02,R05CB
P01BA01,P01BA
P01BB52,P01BB
P01BB,P01B
S01XA24,S01XA
J04AB04,J04AB
J04AB,J04A
L01EA01,L01EA
S01EE51,S01EE
S01EE,S01E
S01EX05,S01EX
S02CA04,S02CA
R03BA06,R03BA
D07XB02,D07XB
R01AD11,R01AD
C05AA12,C05AA
D07CB01,D07CB
S01BA05,S01BA
D07BB03,D07BB
A01AC01,A01AC
D07AB09,D07AB
H02AB08,H02AB
A14AA08,A14AA
G03EA02,G03EA
G03BA03,G03BA
C08CA04,C08CA
N05AB02,N05AB
N05AB,N05A
J01XX10,J01XX
J01XX,J01X
J01X,J01
D06AX05,D06AX
D06AX,D06A
D06A,D06
R02AB04,R02AB
R02AB,R02A
L01BB06,L01BB
M05BA04,M05BA
A07EA03,A07EA
H02AB07,H02AB
C10AB01,C10AB
C10BA02,C10BA
C10BX04,C10BX
C10AA01,C10AA
C10BX01,C10BX
C10BA04,C10BA
L01XX23,L01XX
C10AB08,C10AB
N03AX24,N03AX
N03AX,N03A
C01EB15,C01EB
L01XK01,L01XK
L01EF01,L01EF
G03CX01,G03CX
G03CX,G03C
L01EX08,L01EX
L01EX09,L01EX
S01BC10,S01BC
L03AX16,L03AX
A16AX03,A16AX
D07BC04,D07BC
D07XC04,D07XC
D07AC06,D07AC
C04AD02,C04AD
C04AD,C04A
R01AD07,R01AD
R01AD57,R01AD
A07EA05,A07EA
A06AG02,A06AG
A06AG,A06A
A06AB02,A06AB
A06AB,A06A
A06AB52,A06AB
A12AA01,A12AA
C04AB01,C04AB
C04AB,C04A
V03AB36,V03AB
N02CA02,N02CA
N02CA,N02C
N02CA52,N02CA
N02CA72,N02CA
L01FB02,L01FB
L01FB,L01F
L04AC11,L04AC
L01FF02,L01FF
L01FF01,L01FF
J05AX23,J05AX
J05AX,J05A
L01EL01,L01EL
L01EL,L01E
L01EM01,L01EM
L01FG02,L01FG
R02AA02,R02AA
R02AA,R02A
D08AH01,D08AH
D08AH,D08A
G01AC05,G01AC
G01AC,G01A
G04CA52,G04CA
G04CA02,G04CA
G04CA54,G04CA
G04CA53,G04CA
L01XD01,L01XD
L01XD,L01X
M01AE09,M01AE
M02AA19,M02AA
R02AX01,R02AX
R02AX,R02A
S01BC04,S01BC
S01GX04,S01GX
S01GX,S01G
R03BC03,R03BC
R03BC,R03B
R01AC07,R01AC
R01AC,R01A
H01CC54,H01CC
H01CC,H01C
H01C,H01
G03DC02,G03DC
G03DC,G03D
G03AC01,G03AC
G03FB05,G03FB
G03AA05,G03AA
G03AB04,G03AB
G03FA01,G03FA
M05BA02,M05BA
C01CA10,C01CA
S01HA05,S01HA
N01BA52,N01BA
N01BA,N01B
N01BA02,N01BA
C05AD05,C05AD
A09AB04,A09AB
L03AA12,L03AA
C03AH02,C03AH
C03AH,C03A
C03AA02,C03AA
C03AA,C03A
B01AC17,B01AC
V03AB08,V03AB
G03FA09,G03FA
G03FA13,G03FA
G03FA05,G03FA
G03CA53,G03CA
G03FB11,G03FB
G03FB03,G03FB
G03FA16,G03FA
G03AA14,G03AA
G03FB01,G03FB
G03FB07,G03FB
G03FB02,G03FB
G03HB01,G03HB
G03HB,G03H
G03H,G03
G03FA15,G03FA
G03FA03,G03FA
G03CA03,G03CA
G03AB08,G03AB
G03FB08,G03FB
G03FA06,G03FA
G03FA14,G03FA
G02BB01,G02BB
G02BB,G02B
G02B,G02
G03FA10,G03FA
G03FA02,G03FA
G03FB12,G03FB
G03FA07,G03FA
N03AX17,N03AX
M01AG01,M01AG
M01AG,M01A
G02CC02,G02CC
G02CC,G02C
M01AE52,M01AE
M02AA12,M02AA
M01AE02,M01AE
M01AE56,M01AE
L03AB13,L03AB
G03AA16,G03AA
G03DB08,G03DB
A07EC01,A07EC
A10BX03,A10BX
S03CA04,S03CA
D07AA02,D07AA
D07AA,D07A
D07BA04,D07BA
D07BA,D07B
R01AD60,R01AD
A01AC03,A01AC
S01BB01,S01BB
S01CA03,S01CA
S02CA03,S02CA
S02BA01,S02BA
C05AA01,C05AA
S01CB03,S01CB
A07EA02,A07EA
D07XA01,D07XA
D07XA,D07X
H02AB09,H02AB
S01BA02,S01BA
D07CA01,D07CA
D07CA,D07C
N07XX02,N07XX
V03AC01,V03AC
V03AC,V03A
M01AB08,M01AB
N01AB06,N01AB
N01BB54,N01BB
N01BB04,N01BB
D08AE01,D08AE
N03AB01,N03AB
L01XF01,L01XF
D10AD01,D10AD
D10AD51,D10AD
V03AN01,V03AN
V03AN,V03A
V09AX06,V09AX
V09AX,V09A
V09A,V09
V09AX05,V09AX
V09AX04,V09AX
S01XA10,S01XA
G01AX02,G01AX
D06BB05,D06BB
L04AC05,L04AC
A12CC08,A12CC
A12CC,A12C
A12C,A12
J05AP01,J05AP
J05AP,J05A
M01BA01,M01BA
M01BA,M01B
M01B,M01
M02AA01,M02AA
M01AA01,M01AA
M01AA,M01A
M01AC06,M01AC
M01AC56,M01AC
N01BB59,N01BB
G03XB01,G03XB
G03XB51,G03XB
D07AB21,D07AB
L04AA44,L04AA
C01CA07,C01CA
J04BA01,J04BA
J04BA,J04B
J04B,J04
N06DA02,N06DA
N06DA,N06D
N06DA52,N06DA
N06DA53,N06DA
D07AC07,D07AC
D07CC03,D07CC
L01EL03,L01EL
C01CA19,C01CA
G03CC02,G03CC
G03CB01,G03CB
S01BA13,S01BA
H02AB12,H02AB
B06AC04,B06AC
C08CA17,C08CA
V04CG05,V04CG
V03AB17,V03AB
L01AX04,L01AX
L01AX,L01A
R01BA52,R01BA
R01BA02,R01BA
S03BA02,S03BA
C05AA04,C05AA
S01CA02,S01CA
S01BA04,S01BA
A01AC54,A01AC
S01CB02,S01CB
D07AA03,D07AA
D07XA02,D07XA
S02CA01,S02CA
D07CA03,D07CA
D07BA01,D07BA
V03AB05,V03AB
H02AB06,H02AB
R01AD02,R01AD
S02BA03,S02BA
A07EA01,A07EA
R01AD52,R01AD
S01BB02,S01BB
S03CA02,S03CA
N02BA11,N02BA
D11AH01,D11AH
L04AD02,L04AD
R05DB01,R05DB
R05DB,R05D
R05D,R05
M01AE07,M01AE
S01XA23,S01XA
L04AA10,L04AA
M02AA27,M02AA
M01AE17,M01AE
N02AJ14,N02AJ
M02AA31,M02AA
M01AE14,M01AE
M01AG02,M01AG
G03GB02,G03GB
G03GB,G03G
G03G,G03
L01XX52,L01XX
L01FF05,L01FF
C01EB09,C01EB
C01DX12,C01DX
C01DX,C01D
L01EN02,L01EN
L03AB15,L03AB
L01EX21,L01EX
L01FD03,L01FD
L01BC07,L01BC
D01AE12,D01AE
N02BA04,N02BA
S01BC08,S01BC
N02BA12,N02BA
S01GA04,S01GA
D11AX27,D11AX
R01AA05,R01AA
R01AB07,R01AB
M02AA18,M02AA
M01AG04,M01AG
L02BA03,L02BA
C10BX05,C10BX
A01AD05,A01AD
C07FX03,C07FX
B01AC56,B01AC
N02AJ07,N02AJ
B01AC06,B01AC
C10BX08,C10BX
C10BX12,C10BX
C10BX06,C10BX
N02AJ02,N02AJ
C07FX04,C07FX
C07FX02,C07FX
N02AJ18,N02AJ
N02BA71,N02BA
N02BA51,N02BA
M01BA03,M01BA
N02BA01,N02BA
B01AA04,B01AA
N03AX10,N03AX
B02BD14,B02BD
D07AA01,D07AA
D10AA02,D10AA
H02AB04,H02AB
S01CA08,S01CA
H02BX01,H02BX
H02BX,H02B
H02B,H02
D07CA02,D07CA
G03AB09,G03AB
G03AA11,G03AA
L02BB06,L02BB
S01XA25,S01XA
C09DB04,C09DB
C09DB,C09D
C09D,C09
C09DA07,C09DA
C09DA,C09D
C09CA07,C09CA
C09CA,C09C
C09C,C09
S01BC11,S01BC
L01EN04,L01EN
J05AF02,J05AF
J05AF,J05A
C03CC01,C03CC
C03CC,C03C
C01BA71,C01BA
C01BA01,C01BA
C01BA51,C01BA
N03AX15,N03AX
H05BX02,H05BX
A10BA01,A10BA
A10BD01,A10BD
A10BX02,A10BX
C04AX02,C04AX
M03BX08,M03BX
B03XA07,B03XA
L01EE04,L01EE
L02AA02,L02AA
L04AD03,L04AD
L01EJ03,L01EJ
M01AX25,M01AX
L03AX11,L03AX
G03XA02,G03XA
C10AX09,C10AX
C10AX,C10A
C10BA10,C10BA
C10BA05,C10BA
C10BA06,C10BA
G03AB06,G03AB
G03AA01,G03AA
G03AA06,G03AA
G03AA10,G03AA
L02AA03,L02AA
G03AA02,G03AA
G03CA01,G03CA
G03AA15,G03AA
G03AA03,G03AA
G03AB07,G03AB
G03AB02,G03AB
N04BX04,N04BX
D08AL30,D08AL
D08AL,D08A
J02AC05,J02AC
J02AC,J02A
P01BF05,P01BF
P01BF,P01B
P01BE05,P01BE
P01BE,P01B
M05BC01,M05BC
M05BC,M05B
C01CA04,C01CA
L01CA05,L01CA
N07XX08,N07XX
L01EX15,L01EX
M01AE12,M01AE
M01CB03,M01CB
M01CB,M01C
M01C,M01
L04AX01,L04AX
L01DB01,L01DB
L01DB,L01D
L01D,L01
L01EH03,L01EH
L01EB04,L01EB
G03CA04,G03CA
G03CC06,G03CC
L01EX18,L01EX
R02AA19,R02AA
N01BX03,N01BX
C05BB05,C05BB
C05BB,C05B
D08AE03,D08AE
J05AX28,J05AX
L01FB01,L01FB
L01EL02,L01EL
L01FF03,L01FF
L01EC03,L01EC
L01EF02,L01EF
L01EB08,L01EB
L01EX17,L01EX
L01XK02,L01XK
C04AX32,C04AX
L01XK04,L01XK
L04AC14,L04AC
H02AA01,H02AA
A02BC09,A02BC
L01FX18,L01FX
L04AA54,L04AA
N02CD05,N02CD
N02CD,N02C
N02CD03,N02CD
N02CD02,N02CD
L04AA56,L04AA
L04AC17,L04AC
N06AX27,N06AX
N06AX,N06A
N01AX14,N01AX
N01AX,N01A
L04AA37,L04AA
L04AC16,L04AC
L01EH02,L01EH
L01XH05,L01XH
L01EK03,L01EK
L01FE03,L01FE
L01EN03,L01EN
M01AX17,M01AX
M02AA26,M02AA
L04AA48,L04AA
V03AF12,V03AF
L01XX66,L01XX
L01FF04,L01FF
L01EM04,L01EM
L01EB07,L01EB
L01EE03,L01EE
L04AA51,L04AA
L02BB05,L02BB
H02AB13,H02AB
L01EX14,L01EX
B02BX08,B02BX
C01BD07,C01BD
L01EA03,L01EA
A10BH02,A10BH
N06AF02,N06AF
N06AF,N06A
A06AB04,A06AB
G03HA01,G03HA
G03HA,G03H
J05AX09,J05AX
B03XA05,B03XA
L01EK02,L01EK
B03AB10,B03AB
B03AB,B03A
S01LA03,S01LA
L01XX73,L01XX
M01AG03,M01AG
M01AH04,M01AH
L01XD06,L01XD
L01FF07,L01FF
L01XX57,L01XX
L01XX05,L01XX
M01AE03,M01AE
M01AE53,M01AE
M02AA10,M02AA
D10AF07,D10AF
D10AF,D10A
J01AA08,J01AA
J01AA,J01A
J01A,J01
A01AB23,A01AB
J01AA20,J01AA
A07EC04,A07EC
P03AC54,P03AC
P03AC,P03A
P03AC04,P03AC
G03XC05,G03XC
J01GB10,J01GB
J01GB,J01G
J01G,J01
L04AB03,L04AB
D05AX02,D05AX
D05AX52,D05AX
N05AB07,N05AB
R03AK02,R03AK
R03CB01,R03CB
R03CB,R03C
R03CB51,R03CB
C01CA02,C01CA
R03AB02,R03AB
R03AB,R03A
A10BB07,A10BB
N05CH01,N05CH
N05CH,N05C
N05C,N05
A11CC02,A11CC
L01BB05,L01BB
C01AA07,C01AA
C10BX03,C10BX
C10BX15,C10BX
C10AA05,C10AA
C10BX18,C10BX
C10BX11,C10BX
M05BA01,M05BA
M05BB01,M05BB
A08AB01,A08AB
A08AB,A08A
A08A,A08
A08,A
B01AC11,B01AC
C01AC01,C01AC
C01AC,C01A
L04AA13,L04AA
C10AA04,C10AA
C10BX09,C10BX
C10BX13,C10BX
C10BX16,C10BX
C10BX10,C10BX
C10BX14,C10BX
C10BA09,C10BA
C10AA07,C10AA
A10BH52,A10BH
C10BX07,C10BX
C10BX17,C10BX
D01AE21,D01AE
J02AX01,J02AX
J02AX,J02A
H02AB17,H02AB
C01DA14,C01DA
L04AA06,L04AA
C03EA02,C03EA
C03EA,C03E
C03E,C03
C03AA06,C03AA
B02BA01,B02BA
H02CA03,H02CA
D01AC08,D01AC
G01AF11,G01AF
J02AB02,J02AB
C09DB05,C09DB
C09DA04,C09DA
C09CA04,C09CA
C09DX07,C09DX
C09DX,C09D
C01BA02,C01BA
L01BB02,L01BB
C10AB05,C10AB
L01EX22,L01EX
D07CC05,D07CC
D07AC08,D07AC
C05AA11,C05AA
J05AR04,J05AR
J05AR,J05A
J05AR02,J05AR
J05AF06,J05AF
J05AR13,J05AR
G02CC01,G02CC
N02AJ19,N02AJ
M02AA13,M02AA
C01EB16,C01EB
N02AJ08,N02AJ
M01AE51,M01AE
R02AX02,R02AX
M01AE01,M01AE
C01BB03,C01BB
